gene	chromosome	sex_chromosome	base_mean	log2_fold_change_male_minus_female	standard_error	wald_statistic	nominal_p	nominal_p_lt_0_05	paper_deg_rule	direction
DDX3Y	Y	TRUE	949.834325271982	5.18588778139622	0.414385051949752	12.5146593898495	6.2073576043177e-36	TRUE	TRUE	Male higher
PRKY	Y	TRUE	254.978949939274	3.33622508365385	0.377120784849056	8.84656910381959	9.02510526941662e-19	TRUE	TRUE	Male higher
DDX3P1	X	TRUE	351.453592758805	1.22643488957334	0.163370348796421	7.50708374321724	6.04590543404919e-14	TRUE	TRUE	Male higher
KLF1	19	FALSE	149.257055513035	2.2816692002471	0.465512473947724	4.90141366330676	9.51494645007804e-07	TRUE	TRUE	Male higher
TFR2	7	FALSE	582.266100669244	2.38296027919421	0.4928304663475	4.8352535849802	1.32976007237787e-06	TRUE	TRUE	Male higher
HBM	16	FALSE	280.752505084389	2.50759821841981	0.528034403845371	4.74892961549174	2.0449609143982e-06	TRUE	TRUE	Male higher
PCDH11Y	Y	TRUE	1257.4051866755	1.2800414673453	0.280062972985308	4.57054873659592	4.86448771564081e-06	TRUE	TRUE	Male higher
NLGN4Y	Y	TRUE	320.186412481843	1.90119044670696	0.428860254298669	4.43312344207801	9.28776530481731e-06	TRUE	TRUE	Male higher
GGTLC5P	22	FALSE	154.197383462478	-2.11215690799389	0.4778171941882	-4.42042884535034	9.85052179077456e-06	TRUE	TRUE	Female higher
HBZ	16	FALSE	459.682370657503	2.56597734543756	0.583202847645138	4.39980249719028	1.08349445138422e-05	TRUE	TRUE	Male higher
VAMP7	X	TRUE	666.937125507689	0.602530862602796	0.13899418882755	4.33493563785142	1.45802775556278e-05	TRUE	TRUE	Male higher
GGT3P	22	FALSE	207.576621270324	-2.1169492051103	0.490538570518563	-4.31556116550104	1.591979620961e-05	TRUE	TRUE	Female higher
HMCN2	9	FALSE	443.737238107992	-1.36876830323134	0.320644441564654	-4.26880408889092	1.96523777638376e-05	TRUE	TRUE	Female higher
GGT2		FALSE	209.329684112164	-1.97662236039036	0.465026583679298	-4.25055777403368	2.13238821648234e-05	TRUE	TRUE	Female higher
MLPH	2	FALSE	814.531416038843	-2.08060008514097	0.494406909537079	-4.20827469237651	2.5732793325122e-05	TRUE	TRUE	Female higher
PLXDC1	17	FALSE	291.196498343992	-0.831786141486173	0.200669931903655	-4.1450462139267	3.39745183575517e-05	TRUE	TRUE	Female higher
TTR	18	FALSE	1203.11704856676	2.94042964539838	0.719065922082758	4.08923515229521	4.32797922635566e-05	TRUE	TRUE	Male higher
NFE2	12	FALSE	162.976655782304	1.51124869349418	0.370107672162351	4.08326767360622	4.44068229024473e-05	TRUE	TRUE	Male higher
APOC1	19	FALSE	695.483173933133	1.20922520908288	0.297464875340782	4.06510250226204	4.80113566058041e-05	TRUE	TRUE	Male higher
ANO1	11	FALSE	688.875171652719	-0.809064421015014	0.205953770653814	-3.92837877377329	8.55204413599976e-05	TRUE	TRUE	Female higher
MT1G	16	FALSE	851.649737413817	2.34229103902397	0.596702105076849	3.92539429490082	8.6587787688209e-05	TRUE	TRUE	Male higher
PAPLN	14	FALSE	2120.55973612251	-1.2560167240574	0.321945442376607	-3.90133407320651	9.5664022793743e-05	TRUE	TRUE	Female higher
ADH4	4	FALSE	66.9982435256525	1.24669370357992	0.31971608069359	3.89937753795602	9.64402994301181e-05	TRUE	TRUE	Male higher
KLRA1P	12	FALSE	54.5605208346405	-0.769503692542101	0.202778635186632	-3.79479668473886	0.000147764493066299	TRUE	TRUE	Female higher
HBG1	11	FALSE	133129.746729792	1.91391473347985	0.505149837229497	3.78880599858599	0.000151373061646686	TRUE	TRUE	Male higher
ANK1	8	FALSE	1563.01416000441	1.21548483977022	0.320845880750284	3.78837601694578	0.000151635232296718	TRUE	TRUE	Male higher
SLC38A4	12	FALSE	306.252708464699	1.03712001778347	0.274473951859497	3.77857356137886	0.000157729261150602	TRUE	TRUE	Male higher
XIST	X	TRUE	29185.326513071	-1.91680410526868	0.508024902721456	-3.77305146854119	0.000161263004052736	TRUE	TRUE	Female higher
GATA1	X	TRUE	111.715527203975	1.41318012507379	0.376481583396977	3.75365007850512	0.000174278108332687	TRUE	TRUE	Male higher
ADAM20P1	14	FALSE	53.1443569048867	-0.66276932020389	0.176898463097622	-3.74660869630134	0.000179241355459405	TRUE	TRUE	Female higher
GPR132	14	FALSE	240.977623762441	-1.14168374991916	0.305693295135643	-3.73473598566358	0.000187912215619709	TRUE	TRUE	Female higher
TRAF3IP3	1	FALSE	102.573712963381	-1.26882081449607	0.340214028442892	-3.7294782355192	0.000191876678106624	TRUE	TRUE	Female higher
SPTA1	1	FALSE	1698.99823349666	1.55872760940442	0.41819161214205	3.72730481470048	0.0001935383381416	TRUE	TRUE	Male higher
SLC4A1	17	FALSE	2415.98536005541	1.59797876727912	0.42939159445206	3.72149522236987	0.000198046613513871	TRUE	TRUE	Male higher
RAPGEF3	12	FALSE	1060.11287551424	-0.974919606542003	0.263878387412144	-3.69457921924961	0.000220251219617089	TRUE	TRUE	Female higher
C17orf99	17	FALSE	99.4679989433476	1.40851452160693	0.383120912728734	3.6764229641628	0.000236527237592552	TRUE	TRUE	Male higher
PKD1L1	7	FALSE	93.7852370550501	-0.69390441681662	0.188943210500439	-3.67255544657429	0.00024013702582406	TRUE	TRUE	Female higher
CLBA1	14	FALSE	132.488111703	-0.661251435399937	0.180390357308438	-3.66566952505841	0.0002466923285465	TRUE	TRUE	Female higher
GABRP	5	FALSE	198.881538573752	-2.07285751164954	0.566782848624926	-3.65723401242381	0.000254951602385735	TRUE	TRUE	Female higher
USH2A	1	FALSE	92.5985211960458	-0.930320944766098	0.255723830939714	-3.63799080182486	0.000274773235825054	TRUE	TRUE	Female higher
GPR78	4	FALSE	1884.07927869011	-1.04479540165069	0.288001803634862	-3.62773909213194	0.000285913968137232	TRUE	TRUE	Female higher
PRKCE	2	FALSE	1780.71435194669	-0.619108427862504	0.170881162780232	-3.62303496646223	0.000291166443654604	TRUE	TRUE	Female higher
EPB42	15	FALSE	492.162340840975	1.53855155961256	0.425059119864011	3.61961780776469	0.000295038465591289	TRUE	TRUE	Male higher
MYL4	17	FALSE	170.139359618791	1.21538388056676	0.337662989775898	3.5993991564589	0.000318953290745739	TRUE	TRUE	Male higher
ADH1A	4	FALSE	168.945063054143	1.42963374786969	0.398225513022622	3.59001043659521	0.000330664721823618	TRUE	TRUE	Male higher
LDLRAD2	1	FALSE	130.701476794183	-1.23807016292555	0.348035580298108	-3.55730917472599	0.000374673089481812	TRUE	TRUE	Female higher
FER1L4	20	FALSE	3530.05358960208	-1.07993222277751	0.305162645631739	-3.53887423063156	0.000401837254847107	TRUE	TRUE	Female higher
C17orf49		FALSE	42.9367251260739	-0.646833192975191	0.183719193678585	-3.52077091143139	0.000430294193388695	TRUE	TRUE	Female higher
PAX8	2	FALSE	1617.46349211108	-1.24299873643206	0.354782616558285	-3.50355028239625	0.000459099971046551	TRUE	TRUE	Female higher
APOA2	1	FALSE	2926.72770957653	2.59240513664524	0.740799372476132	3.49946994147699	0.000466184162526868	TRUE	TRUE	Male higher
NEK10	3	FALSE	99.985095164177	-1.09721191134081	0.315211016149523	-3.48088060101408	0.000499768221644793	TRUE	TRUE	Female higher
RPS27A	2	FALSE	943.192811029356	0.601820745363791	0.173354903660677	3.47161073990608	0.000517345903626841	TRUE	TRUE	Male higher
GRID1	10	FALSE	327.413074589751	-0.815417174699024	0.234889631968935	-3.47149070763101	0.000517577244527877	TRUE	TRUE	Female higher
APOB	2	FALSE	11380.2449655697	2.5371451331476	0.731734288642311	3.46730387317932	0.00052570722202602	TRUE	TRUE	Male higher
ZNF541	19	FALSE	48.9212814661991	-0.807551817244294	0.233650634408089	-3.45623635600254	0.000547774773238849	TRUE	TRUE	Female higher
LIF	22	FALSE	271.338836626016	-1.43430570058238	0.415421420797141	-3.45265224366651	0.000555104131088621	TRUE	TRUE	Female higher
ZBTB16	11	FALSE	716.090747435862	-1.46119009271812	0.423750330095112	-3.44823352088045	0.000564265956581759	TRUE	TRUE	Female higher
SCNN1A	12	FALSE	267.07269323267	-1.64620785929371	0.478812636129633	-3.43810445898094	0.000585801671001765	TRUE	TRUE	Female higher
APOM	6	FALSE	271.143068130988	1.63726378031525	0.476324439525823	3.43728695077064	0.000587572758944793	TRUE	TRUE	Male higher
COL2A1	12	FALSE	860.828139636514	1.53444638120007	0.44682612446128	3.43410176173134	0.000594520956483115	TRUE	TRUE	Male higher
MYO1A	12	FALSE	72.8117651186162	-1.14973941218872	0.335295830757199	-3.42902984982623	0.00060574290314747	TRUE	TRUE	Female higher
PITPNM2	12	FALSE	1872.27952576467	-0.661528264206468	0.192976008563906	-3.42803371843705	0.000607969942726221	TRUE	TRUE	Female higher
TF	3	FALSE	2435.33720321893	2.2400106035631	0.653695349451001	3.4266889085938	0.000610988607398303	TRUE	TRUE	Male higher
CPS1	2	FALSE	2995.49420777257	1.12033886243	0.329049063938695	3.40477753991947	0.00066217973329056	TRUE	TRUE	Male higher
MINAR1	15	FALSE	113.598014266759	-0.708079229082575	0.208234558312979	-3.40039249401785	0.000672891899192905	TRUE	TRUE	Female higher
ITGA10	1	FALSE	122.772719655523	-0.80933991118222	0.238234457309456	-3.39724118971977	0.000680689427191862	TRUE	TRUE	Female higher
SPOCD1	1	FALSE	97.8648534943741	-0.950940469563453	0.27997659314107	-3.39649989627636	0.000682535832556187	TRUE	TRUE	Female higher
COL7A1	3	FALSE	2325.83605726863	-0.810957401140657	0.238886255562212	-3.39474282114762	0.000686930947319383	TRUE	TRUE	Female higher
ULK4	3	FALSE	1382.50402278988	-0.916379044200319	0.270996652667149	-3.38151425555008	0.000720874922960612	TRUE	TRUE	Female higher
F2	11	FALSE	690.812683733851	2.09592589252711	0.620581135276099	3.37735998306592	0.000731852021118661	TRUE	TRUE	Male higher
PF4	4	FALSE	154.795579836395	1.16745460915558	0.348400306766352	3.35090006088459	0.000805493665830678	TRUE	TRUE	Male higher
ITIH2	10	FALSE	1750.62448938138	2.33010318423977	0.695908730133754	3.34828848000214	0.000813123237319587	TRUE	TRUE	Male higher
HBG2	11	FALSE	50292.8280612759	1.81334672838947	0.542275515594627	3.34395833158919	0.000825921414921948	TRUE	TRUE	Male higher
FTL	19	FALSE	23058.0239177956	0.603023704775943	0.180529125665418	3.34031255374022	0.000836841509643176	TRUE	TRUE	Male higher
PLG	6	FALSE	660.961186092764	2.08293638723189	0.623915565599937	3.3384908184315	0.000842348140810205	TRUE	TRUE	Male higher
IGSF1	X	TRUE	238.194001279499	1.56428460798012	0.469257750091447	3.33352961709268	0.000857515415781888	TRUE	TRUE	Male higher
FBXO41	2	FALSE	205.26353334822	-0.765746724049385	0.229905072362016	-3.33070826225015	0.000866253370718264	TRUE	TRUE	Female higher
RPL21P39	3	FALSE	72.2703302221064	0.61013767998349	0.183543142091044	3.32421943436514	0.000886663997309462	TRUE	TRUE	Male higher
ALB	4	FALSE	35701.9976199302	2.5273935945562	0.7615696397393	3.31866379996631	0.000904492567536934	TRUE	TRUE	Male higher
PCDH19	X	TRUE	141.19953030563	-1.19939731484554	0.361700796295711	-3.31599301723674	0.000913181104801949	TRUE	TRUE	Female higher
HPX	11	FALSE	504.561231469806	1.69568315709713	0.511631312750508	3.31426774483605	0.000918834777647763	TRUE	TRUE	Male higher
IQCH	15	FALSE	85.6522623443039	-0.614919716467569	0.185563898458201	-3.31378959795934	0.000920407382968195	TRUE	TRUE	Female higher
KCND2	7	FALSE	100.767420311083	-1.2757105727717	0.386243181926429	-3.3028688465359	0.000957011363914143	TRUE	TRUE	Female higher
COL24A1	1	FALSE	133.08172617538	-0.909724099881446	0.276163061212327	-3.29415561910363	0.00098717828425164	TRUE	TRUE	Female higher
SERPINF2	17	FALSE	746.837969139604	1.70452218438927	0.520662211360072	3.273758200997	0.00106127382642335	TRUE	TRUE	Male higher
ANKLE1	19	FALSE	125.999451568937	1.02812059150331	0.314655261066588	3.26745082226906	0.00108520718492428	TRUE	TRUE	Male higher
LGSN	6	FALSE	107.822225054457	-0.947409335115062	0.290298156926528	-3.26357337278873	0.00110016693008207	TRUE	TRUE	Female higher
SERPINA1	14	FALSE	7523.10282681996	2.18936967789848	0.67089000446099	3.26338097652458	0.00110091416485797	TRUE	TRUE	Male higher
LIPC	15	FALSE	245.641094204049	1.66544379981018	0.510375741922995	3.26317193982441	0.00110172656025037	TRUE	TRUE	Male higher
SERPINC1	1	FALSE	298.500268979238	1.92485431971249	0.59346868492687	3.24339660811199	0.00118113670160391	TRUE	TRUE	Male higher
AMDHD1	12	FALSE	69.8556081091859	1.08754695812013	0.336861535132482	3.2284688060108	0.00124454831421875	TRUE	TRUE	Male higher
ANGPTL3	1	FALSE	140.561846463103	1.05025109754379	0.326447529889105	3.21721257287675	0.00129442653535847	TRUE	TRUE	Male higher
CACNA1D	3	FALSE	486.690525993069	-1.02792651678897	0.320114206157931	-3.21112433317577	0.00132216715931219	TRUE	TRUE	Female higher
BLVRB	19	FALSE	2820.30355005573	0.749690333291744	0.233541542181029	3.21009412839547	0.00132691512438179	TRUE	TRUE	Male higher
ABCC8	11	FALSE	207.961219988988	-1.16781370948691	0.363905223085163	-3.20911499864241	0.0013314422737456	TRUE	TRUE	Female higher
ITGAX	16	FALSE	1886.95555695692	-1.20501406996892	0.375942569021926	-3.20531424016162	0.00134915099696338	TRUE	TRUE	Female higher
DHRS13	17	FALSE	149.741933057234	0.858784121993017	0.268207610900406	3.20193792827121	0.00136506409012256	TRUE	TRUE	Male higher
MT2A	16	FALSE	439.891254689326	0.853219959069215	0.267728921814533	3.18688004749922	0.00143816406209758	TRUE	TRUE	Male higher
RPS20	8	FALSE	1724.33062775639	0.654993243372521	0.205775115082651	3.18305370943147	0.00145730579124037	TRUE	TRUE	Male higher
MT1HL1	1	FALSE	380.710133922481	1.97592888634481	0.622574920998332	3.17380096708089	0.00150456824552075	TRUE	TRUE	Male higher
KNG1	3	FALSE	260.901473214378	1.98258374493977	0.624836173542105	3.1729656970735	0.00150890351191191	TRUE	TRUE	Male higher
CACNA1G	17	FALSE	702.67942068165	-0.766836319555891	0.242138334303134	-3.1669348092396	0.00154054849334651	TRUE	TRUE	Female higher
EXTL1	1	FALSE	248.21901311436	-1.22766543355254	0.387878496785065	-3.16507732119223	0.00155041743958715	TRUE	TRUE	Female higher
ALDOB	9	FALSE	772.986421401998	2.11940238089835	0.669930769667972	3.1636140282805	0.00155823296560949	TRUE	TRUE	Male higher
ITIH1	3	FALSE	1005.66760558676	2.21698304758811	0.703272553441925	3.15238101748441	0.00161944805755601	TRUE	TRUE	Male higher
AVIL	12	FALSE	575.821593823786	-0.623758634182004	0.198145608409732	-3.14798111948147	0.00164402311741457	TRUE	TRUE	Female higher
NCOA4P1	14	FALSE	213.029436159223	0.765499540664686	0.243190862312329	3.14773151172744	0.00164542750268971	TRUE	TRUE	Male higher
SMIM1	1	FALSE	94.8860132435259	0.834650821804154	0.265478478855236	3.14394908921896	0.00166684435945174	TRUE	TRUE	Male higher
CATSPERB	14	FALSE	215.366433387844	-1.48713833477884	0.47308489694485	-3.14349146291221	0.00166945285350765	TRUE	TRUE	Female higher
MYO1G	7	FALSE	391.35581429588	-1.18348132332467	0.376660042937799	-3.14204106730828	0.0016777450190243	TRUE	TRUE	Female higher
MT1XP1	1	FALSE	165.165048558069	1.23035931438498	0.392283773791038	3.13640123957911	0.00171035030615225	TRUE	TRUE	Male higher
PRR16	5	FALSE	57.1216520924393	-0.758446343993578	0.242162667227401	-3.13197055796121	0.00173637286879155	TRUE	TRUE	Female higher
ABCC3	17	FALSE	1425.74815926018	-1.06353147295298	0.339787399674427	-3.129990911882	0.00174811711297011	TRUE	TRUE	Female higher
AMBP	9	FALSE	2569.18685922561	2.27739779271135	0.728307854304054	3.12697134769685	0.00176617139135676	TRUE	TRUE	Male higher
DNAH11	7	FALSE	881.630466288157	-1.09623594602783	0.350931169533664	-3.12379190336544	0.00178536675762694	TRUE	TRUE	Female higher
ANKRD20A4P	9	FALSE	82.555983660447	-1.15693006910475	0.37042570167967	-3.12324459090914	0.00178869034752712	TRUE	TRUE	Female higher
RPL22P16	7	FALSE	534.291079019409	0.638851012861246	0.204649872602615	3.12167803838195	0.00179823479770833	TRUE	TRUE	Male higher
FAM155A		FALSE	125.826302993621	-1.57373367909952	0.504545146824581	-3.11911369875226	0.00181395948825079	TRUE	TRUE	Female higher
PGR	11	FALSE	308.111092788215	-1.8111216626272	0.581364149730544	-3.11529643419986	0.00183760136518475	TRUE	TRUE	Female higher
DNAH5	5	FALSE	182.026132657044	-1.50352949530997	0.482800814223476	-3.1141817723075	0.0018445581377821	TRUE	TRUE	Female higher
ASGR1	17	FALSE	260.376724366189	1.31514412895596	0.423515402397776	3.10530413182173	0.00190083466896702	TRUE	TRUE	Male higher
SOX9	17	FALSE	182.024295951641	1.49763617343604	0.482298530076563	3.10520575959104	0.00190146700335347	TRUE	TRUE	Male higher
SLC25A35	17	FALSE	679.589609361372	-0.881537299911478	0.284372471580446	-3.09993894631288	0.00193560536688533	TRUE	TRUE	Female higher
PON3	7	FALSE	114.143104915592	0.671271171670832	0.216929733339855	3.09441753943052	0.0019719974409211	TRUE	TRUE	Male higher
TBC1D10C	11	FALSE	176.919563902308	-0.800497623323532	0.258691808195829	-3.09440654076512	0.00197207055675336	TRUE	TRUE	Female higher
MT2P1	4	FALSE	883.028330952947	0.910902380538958	0.294773727436103	3.09017492319226	0.00200038646155888	TRUE	TRUE	Male higher
HMGCS2	1	FALSE	219.62197079929	1.48795347248038	0.482916090042574	3.0811842950795	0.00206178991108828	TRUE	TRUE	Male higher
LSS	21	FALSE	8062.22695182793	-0.63777087440071	0.207289559972994	-3.07671488368155	0.00209295387482972	TRUE	TRUE	Female higher
CORO6	17	FALSE	6399.14430398409	-1.18358872069253	0.385245743214187	-3.07229538947686	0.00212419405661903	TRUE	TRUE	Female higher
COL28A1	7	FALSE	418.751690658492	-0.806521952944804	0.262554253558575	-3.07182969619981	0.00212751069523083	TRUE	TRUE	Female higher
RPL35AP33	16	FALSE	73.7395995119533	0.692576901193806	0.225974667854186	3.06484309843395	0.00217784217018019	TRUE	TRUE	Male higher
FER1L5	2	FALSE	855.585085908137	-1.12731840760407	0.368730583126888	-3.05729564942578	0.00223343868761243	TRUE	TRUE	Female higher
GDPD3	16	FALSE	524.038858904082	-0.65682397994456	0.21493084402069	-3.0559782284265	0.00224327544259529	TRUE	TRUE	Female higher
LDHAL6B	15	FALSE	72.7054852130152	-0.629268732857402	0.206397754560986	-3.04881578869825	0.00229745310129931	TRUE	TRUE	Female higher
ANKRD13B	17	FALSE	471.279594663315	-0.854533605972412	0.2805482018554	-3.04594219574736	0.00231952423444863	TRUE	TRUE	Female higher
LPIN3	20	FALSE	1131.34002313935	-0.756924408560909	0.248791643776857	-3.0424028599602	0.00234697555105051	TRUE	TRUE	Female higher
SYT16	14	FALSE	123.956543962564	-0.860763643442128	0.282970848234117	-3.04188098814325	0.00235104829513425	TRUE	TRUE	Female higher
MUC4	3	FALSE	1491.00402121754	-1.45245333566355	0.477812091333573	-3.03980029389744	0.00236735067533834	TRUE	TRUE	Female higher
CARD14	17	FALSE	283.495599683161	-0.947024532643323	0.312373830324546	-3.03170253301755	0.00243178720096045	TRUE	TRUE	Female higher
AFP	4	FALSE	12420.8002266153	2.34110895629662	0.772688967118002	3.02982060819188	0.00244699034698672	TRUE	TRUE	Male higher
FGB	4	FALSE	1867.2129465172	2.17465851747709	0.718101656333013	3.0283435476002	0.00245898366399152	TRUE	TRUE	Male higher
GLRX5	14	FALSE	364.028609648883	0.606229250210286	0.200263821744458	3.0271531069843	0.00246868882635092	TRUE	TRUE	Male higher
SLC39A5	12	FALSE	166.850064209523	1.2760787074909	0.422385674101557	3.02112213016033	0.00251839758234321	TRUE	TRUE	Male higher
RPL21P28	1	FALSE	374.684074267113	0.67917818279626	0.225250213683377	3.01521659709032	0.00256795798971257	TRUE	TRUE	Male higher
NRXN2	11	FALSE	549.600948867238	-0.968714263382085	0.321626545538118	-3.01192260657874	0.0025959877400651	TRUE	TRUE	Female higher
H3C11	6	FALSE	880.435519990995	0.777653197730925	0.259006447555866	3.00244725592474	0.00267818378355254	TRUE	TRUE	Male higher
RPL21P134	X	TRUE	95.8665642676608	0.649047730775357	0.216206670753598	3.00197828546673	0.0026823130828777	TRUE	TRUE	Male higher
ADH6	4	FALSE	179.083052635936	0.7796098262948	0.260535075179709	2.99234114929458	0.00276846701626626	TRUE	TRUE	Male higher
MUC20P1	3	FALSE	493.08551960909	-1.09114617951551	0.365204452931413	-2.98776800435243	0.0028102278454291	TRUE	TRUE	Female higher
NDST2	10	FALSE	58.7113616161798	-0.604362475258273	0.202309894490968	-2.98731051577536	0.00281443701433	TRUE	TRUE	Female higher
RIMKLBP1	21	FALSE	2292.39536923634	-0.731268184753541	0.246001593016113	-2.97261564767853	0.00295273949366081	TRUE	TRUE	Female higher
ARG1	6	FALSE	168.660321751372	1.1691322148593	0.39340669825944	2.97181573174001	0.00296044305280385	TRUE	TRUE	Male higher
AKNAD1	1	FALSE	106.974614087989	-0.942150068361498	0.317178195523426	-2.9704124736781	0.00297400139181078	TRUE	TRUE	Female higher
MIRLET7BHG	22	FALSE	693.767995721705	-0.668539328401584	0.225278669728001	-2.9676104231651	0.00300124457870964	TRUE	TRUE	Female higher
FBXO44	1	FALSE	259.804310926925	-0.729005997564713	0.245689799227387	-2.96718056613338	0.00300544398588107	TRUE	TRUE	Female higher
ALPK2	18	FALSE	200.382310305675	-1.0926140210781	0.368523186493242	-2.9648447129612	0.00302835751250887	TRUE	TRUE	Female higher
SLC4A4	4	FALSE	153.812365332407	-0.656857241459936	0.221561749789856	-2.96466895609438	0.0030300880269254	TRUE	TRUE	Female higher
RPL23P2	21	FALSE	407.875089715108	0.610390471749762	0.206252048072754	2.9594395665562	0.00308199144301824	TRUE	TRUE	Male higher
PLEKHG5	1	FALSE	4807.66188566422	-0.63311323820167	0.21420469800931	-2.95564590359336	0.00312015080360624	TRUE	TRUE	Female higher
H1-1	6	FALSE	176.139118640842	1.04024101833629	0.352341372799569	2.95236693343997	0.00315347953476959	TRUE	TRUE	Male higher
ANKRD18A	9	FALSE	154.486492691993	-1.35314472292657	0.45869781933525	-2.9499698186653	0.00317804973208328	TRUE	TRUE	Female higher
RPS23P8	X	TRUE	2872.32068846144	0.733509208156741	0.248652798644374	2.94993344999834	0.00317842384744748	TRUE	TRUE	Male higher
MIR23AHG	19	FALSE	269.567353596994	-0.685954271469193	0.232638355782671	-2.94858631183762	0.00319230983229632	TRUE	TRUE	Female higher
GALNT9	12	FALSE	61.3235867966917	-0.927599631502839	0.31482683455579	-2.94638045327887	0.00321516673459941	TRUE	TRUE	Female higher
KIAA0895LP1		FALSE	152.733816389489	-0.653157205217738	0.221814761070649	-2.94460658102778	0.00323365550925289	TRUE	TRUE	Female higher
PROC	2	FALSE	133.276208590937	1.21022357167229	0.411947876450488	2.9378075257969	0.00330542165541067	TRUE	TRUE	Male higher
PKD1L2	16	FALSE	712.296196021966	-1.21559553620835	0.414077387931742	-2.93567234443803	0.00332825669636414	TRUE	TRUE	Female higher
MAPK8IP2	22	FALSE	276.154584761249	-0.824808432148529	0.281189387141824	-2.93328436230247	0.00335396548352009	TRUE	TRUE	Female higher
MUC20	3	FALSE	677.291870680021	-1.08374214755332	0.371825198396355	-2.91465492986327	0.00356082017386268	TRUE	TRUE	Female higher
FAM210B		FALSE	209.184704511155	0.823529289902996	0.282663104421827	2.91346580795354	0.00357440978473914	TRUE	TRUE	Male higher
MUC6	11	FALSE	725.449637753236	-1.17261439036478	0.402964416878902	-2.90997006496773	0.00361463375132456	TRUE	TRUE	Female higher
SERPIND1	22	FALSE	507.918948823392	0.844480085057488	0.29204376574448	2.89162168178709	0.00383259145908912	TRUE	TRUE	Male higher
TNFAIP2	14	FALSE	5669.0807752251	-0.615240174581297	0.212799897461087	-2.89116762706054	0.00383813340075525	TRUE	TRUE	Female higher
CACNA1C	12	FALSE	1766.81582516236	-0.605432163252939	0.209472721122231	-2.89026733413971	0.00384914341558243	TRUE	TRUE	Female higher
SRCIN1	17	FALSE	572.526577994995	-0.737087303854945	0.255049456406278	-2.88997794482969	0.00385268855367164	TRUE	TRUE	Female higher
LZTS3	20	FALSE	375.268231348241	-0.682604435661747	0.23623901503438	-2.88946529667171	0.00385897598719854	TRUE	TRUE	Female higher
ANKRD24	19	FALSE	624.611331388066	-0.727690010304668	0.252084048610571	-2.88669598221517	0.00389310204268787	TRUE	TRUE	Female higher
CEP295NL	17	FALSE	1689.28763169972	-0.933953121800424	0.325053255935733	-2.87323109289229	0.00406296798401087	TRUE	TRUE	Female higher
FGG	4	FALSE	660.562197299764	2.07916269139179	0.724176630679448	2.87107123222279	0.00409083330387091	TRUE	TRUE	Male higher
IMPG2	3	FALSE	101.757349716426	-0.614116589524683	0.214403200791828	-2.86430700314476	0.00417922743324468	TRUE	TRUE	Female higher
RPL21P75	7	FALSE	546.548869349361	0.635515640629705	0.22190840566934	2.86386465944274	0.00418506784948216	TRUE	TRUE	Male higher
CTDSP1	2	FALSE	5419.76588329335	-0.641082294557216	0.22392392073578	-2.86294689933401	0.00419720897640166	TRUE	TRUE	Female higher
ABCB10P4	15	FALSE	154.540906150494	0.687525755765052	0.240619648208227	2.8573134442042	0.0042724370195034	TRUE	TRUE	Male higher
SYT12	11	FALSE	215.875841341884	-1.12336916498806	0.394001167388671	-2.85118232626933	0.00435569855878747	TRUE	TRUE	Female higher
MYB	6	FALSE	197.220059514572	0.629645353430453	0.221051807919115	2.84840625986124	0.0043938795363197	TRUE	TRUE	Male higher
VTN	17	FALSE	2763.90491922789	0.916703080477813	0.322500368224092	2.84248692652914	0.00447630669343123	TRUE	TRUE	Male higher
AGT	1	FALSE	1349.09496144122	1.98217842869006	0.697656215761054	2.84119654338312	0.00449446033867975	TRUE	TRUE	Male higher
HAP1	17	FALSE	408.690983661013	-1.12794091632507	0.39738698874242	-2.8383941806816	0.00453411507016235	TRUE	TRUE	Female higher
RPS29P16	7	FALSE	118.682898436391	0.756207062245371	0.266742450065245	2.83497081945675	0.0045829871586986	TRUE	TRUE	Male higher
SPDYE10P		FALSE	501.357055918088	-0.783893020087184	0.276543651374418	-2.8346086275756	0.00458818563948989	TRUE	TRUE	Female higher
PLA2G4C	19	FALSE	207.906159381652	-0.605606390001348	0.213709342990243	-2.83378527830202	0.00460002291108577	TRUE	TRUE	Female higher
CLNK	4	FALSE	91.9765875192954	-1.04058113617613	0.367391625944904	-2.83234854223972	0.00462074508621424	TRUE	TRUE	Female higher
FLT4	5	FALSE	4844.59561646945	-0.87820848651924	0.311225299934286	-2.82177729993246	0.00477583288938681	TRUE	TRUE	Female higher
SLC6A9	1	FALSE	275.036483796941	0.773461319191883	0.274105441665637	2.82176564789026	0.00477600640164717	TRUE	TRUE	Male higher
MT1E	16	FALSE	248.968631383337	0.934292209669205	0.332123267839422	2.81308869368624	0.00490681148847245	TRUE	TRUE	Male higher
G0S2	1	FALSE	334.878284943663	-1.05282528836664	0.374269127056152	-2.81301665635029	0.00490791088400419	TRUE	TRUE	Female higher
MUC16	19	FALSE	4780.38708078747	-1.14103181010471	0.406223705454224	-2.80887549097818	0.00497148695658658	TRUE	TRUE	Female higher
RPL21P16	10	FALSE	975.506505434375	0.646426923603027	0.230141908840998	2.80881881469765	0.00497236220570596	TRUE	TRUE	Male higher
HSPA12A	10	FALSE	304.605874533243	-0.602876090030337	0.214692656547645	-2.80808901303312	0.00498364495459075	TRUE	TRUE	Female higher
VSIG2	11	FALSE	189.693031095053	-0.798635506463224	0.284571817739692	-2.80644623493168	0.00500912709209596	TRUE	TRUE	Female higher
PAH	12	FALSE	391.897836658605	1.59709337961407	0.569378145493797	2.80497836500026	0.00503199572231217	TRUE	TRUE	Male higher
CYP4B1	1	FALSE	132.158952150307	-1.18955022030822	0.424221773919043	-2.80407629556335	0.00504609626951196	TRUE	TRUE	Female higher
DPYS	8	FALSE	170.761661304066	1.08817026739853	0.388333618585714	2.80215313668072	0.00507627713144598	TRUE	TRUE	Male higher
RHOJ	14	FALSE	155.570183833445	-0.661799727774077	0.236233607624496	-2.80146307051297	0.00508714631889742	TRUE	TRUE	Female higher
BCAR4	16	FALSE	212.064287783028	-0.633803425179867	0.226242150565193	-2.80143829784376	0.00508753690246828	TRUE	TRUE	Female higher
H4C1	6	FALSE	1177.10032333002	0.770476741146532	0.275268973442534	2.7989959475305	0.00512617807981101	TRUE	TRUE	Male higher
SLC38A3	3	FALSE	316.3206666413	1.51479663982602	0.541386808003747	2.79799325996052	0.00514211856567728	TRUE	TRUE	Male higher
GNB5	15	FALSE	438.777820897301	-0.611930974884163	0.218738675403672	-2.79754356999225	0.00514928216847812	TRUE	TRUE	Female higher
CHKB	22	FALSE	475.715731095712	-0.626705138273362	0.224206297292746	-2.79521648517781	0.00518649714099899	TRUE	TRUE	Female higher
SLC22A20P	11	FALSE	61.7041987408933	-0.629638823398117	0.225767391870819	-2.78888292140252	0.00528901813396839	TRUE	TRUE	Female higher
NLRC5	16	FALSE	2149.81015952075	-0.726724028678203	0.261319529810022	-2.7809786325826	0.00541953041080751	TRUE	TRUE	Female higher
EFCAB6	22	FALSE	110.260611756961	-0.866428718583357	0.311899533417012	-2.77790963356439	0.00547098312304942	TRUE	TRUE	Female higher
MCF2L2	3	FALSE	65.2317798995168	-0.756946050570093	0.27249803857182	-2.77780366617425	0.00547276754811901	TRUE	TRUE	Female higher
RPS29P5	1	FALSE	493.521142803545	0.694870301194195	0.250151354338727	2.77779947676509	0.00547283810596284	TRUE	TRUE	Male higher
CFH	1	FALSE	405.9863043225	1.20216456557682	0.432900161729131	2.77700188601229	0.00548628606268072	TRUE	TRUE	Male higher
CHRNE	17	FALSE	136.166076807041	-0.826608175059987	0.297738521178327	-2.77628897929839	0.00549833142162534	TRUE	TRUE	Female higher
BICD1	12	FALSE	1246.17342137179	-0.624706021904729	0.225110087543712	-2.77511340660565	0.00551824618197789	TRUE	TRUE	Female higher
CCDC168		FALSE	79.8823398067383	-0.750689019294879	0.270542854535483	-2.77475086371732	0.00552440095133582	TRUE	TRUE	Female higher
NIPAL4	5	FALSE	66.354004201252	-0.817632167584555	0.294764402888385	-2.77384975788328	0.00553972556819146	TRUE	TRUE	Female higher
PRDM8	4	FALSE	310.799962432658	-0.775819845731039	0.279746341688096	-2.77329755609831	0.00554913551074708	TRUE	TRUE	Female higher
RHPN1	8	FALSE	464.659544184245	-0.699249328470812	0.252448729614564	-2.76986669546096	0.00560792391375934	TRUE	TRUE	Female higher
AHSG	3	FALSE	7619.46458507201	2.08206440429442	0.752197448267797	2.76797589394795	0.00564056275967406	TRUE	TRUE	Male higher
RPL37P23	19	FALSE	2466.98788098008	0.633462120302469	0.22898656786796	2.76637239555353	0.00566837638456757	TRUE	TRUE	Male higher
PTPRR	12	FALSE	252.651886194697	-1.67171474342281	0.604531860507512	-2.76530461441583	0.00568696623426763	TRUE	TRUE	Female higher
ARHGEF16	1	FALSE	1473.81653658213	-0.772497982233754	0.279375531604929	-2.76508818720088	0.00569074088325213	TRUE	TRUE	Female higher
KIAA0319	6	FALSE	128.781787907779	-0.932428868058208	0.337235171297609	-2.76492177393722	0.00569364478893596	TRUE	TRUE	Female higher
MYBPC3	11	FALSE	72.5316995234888	-0.669532199349522	0.242166324004716	-2.76476178965529	0.00569643776910792	TRUE	TRUE	Female higher
MTNR1B	11	FALSE	125.526106655508	-1.03108154052893	0.373002883152681	-2.764272307533	0.00570499074599765	TRUE	TRUE	Female higher
H4C14	1	FALSE	7134.70287683886	0.641770728553016	0.232223576657631	2.76358988949336	0.00571693432305257	TRUE	TRUE	Male higher
H4C2	6	FALSE	2183.0638142302	0.72044935384841	0.26075556229467	2.76292995443087	0.00572850585002781	TRUE	TRUE	Male higher
ZFYVE28	4	FALSE	169.701381381361	-0.976992580662832	0.354234618952379	-2.75803811482968	0.00581494173318318	TRUE	TRUE	Female higher
H3C3	6	FALSE	3809.83885789235	0.723128541935856	0.262271787121219	2.75717243502685	0.0058303596540411	TRUE	TRUE	Male higher
FBXO16	8	FALSE	52.1565153274055	-0.610410564686922	0.221783356770308	-2.75228300976208	0.00591813519110858	TRUE	TRUE	Female higher
ABCB10P1	15	FALSE	218.737599347921	0.707969661013976	0.257498645192447	2.74941120752251	0.00597024358600391	TRUE	TRUE	Male higher
H4C13	6	FALSE	549.761248381764	0.767746157985526	0.279395207231193	2.74788592687001	0.00599808733577202	TRUE	TRUE	Male higher
RN7SKP203	2	FALSE	79.8286405218671	0.823080884036344	0.299592466419028	2.74733505109282	0.00600817220661591	TRUE	TRUE	Male higher
FOXO1	13	FALSE	139.812556313271	-1.03236729817702	0.375974142056016	-2.74584654288062	0.00603549874811457	TRUE	TRUE	Female higher
NEURL2	20	FALSE	137.619740156199	-0.689387763958918	0.251107065312381	-2.74539373514365	0.00604383373000111	TRUE	TRUE	Female higher
AHSP	16	FALSE	617.410769448475	1.6033736659657	0.584868006804631	2.7414282322016	0.00611727227854361	TRUE	TRUE	Male higher
RPS23	5	FALSE	2531.97511967753	0.638900835232932	0.233152553219677	2.74026952057847	0.00613888207447429	TRUE	TRUE	Male higher
XDH	2	FALSE	591.570639336282	-0.871677136808533	0.318273740439545	-2.73876549037543	0.00616703453519035	TRUE	TRUE	Female higher
H4C6	6	FALSE	1698.13513152609	0.639437956099919	0.233563238377784	2.73775085728877	0.00618609206612217	TRUE	TRUE	Male higher
RPS15AP24	8	FALSE	760.822803701003	0.67912961104777	0.248622667470915	2.73156755156775	0.00630338174928981	TRUE	TRUE	Male higher
ANO9	11	FALSE	331.996472724462	-0.874249091768806	0.320226622781535	-2.73009496891592	0.00633160828700264	TRUE	TRUE	Female higher
PRDX2P4	6	FALSE	992.13715155064	0.750229391230241	0.275656160716816	2.72161300251496	0.00649641700821708	TRUE	TRUE	Male higher
RPS20P14	3	FALSE	3037.39902293386	0.677349509023782	0.249520590069956	2.71460366791326	0.00663551286571493	TRUE	TRUE	Male higher
TDO2	4	FALSE	99.841260117681	1.06076405414482	0.39196556465117	2.70626848327568	0.00680440092190969	TRUE	TRUE	Male higher
COL11A1	1	FALSE	1310.12590605384	0.898269346968603	0.332291981413743	2.70325315449051	0.00686644280243566	TRUE	TRUE	Male higher
RASGRP2	11	FALSE	1060.38670788646	-0.841185371930034	0.311578152195543	-2.69975723908304	0.00693900885594212	TRUE	TRUE	Female higher
NCOA4P3	4	FALSE	1598.12099544688	0.624155839908229	0.231237845131385	2.69919415463154	0.00695076121311587	TRUE	TRUE	Male higher
SNORA53	12	FALSE	262.802584996915	0.746657184207368	0.276757440385753	2.69787573973316	0.00697834833681438	TRUE	TRUE	Male higher
MYH14	19	FALSE	448.038650195872	-1.26857079204949	0.470831968955352	-2.69431745440758	0.00705329506586999	TRUE	TRUE	Female higher
FAM210CP		FALSE	116.77352688129	0.885009393932746	0.328728103861006	2.69222309725897	0.00709774481579349	TRUE	TRUE	Male higher
DNAH9	17	FALSE	147.987048627268	-0.63793751764827	0.237155106754512	-2.68995901618354	0.00714607946566733	TRUE	TRUE	Female higher
PRDX2P1	13	FALSE	592.375459629308	0.755919581358162	0.281179668841453	2.68838634198832	0.00717982733211639	TRUE	TRUE	Male higher
HAL	12	FALSE	440.693742674533	1.55127334677694	0.578312121920202	2.68241540852742	0.00730926345458954	TRUE	TRUE	Male higher
H2AC11	6	FALSE	4640.39134532604	0.689779744243363	0.257465597956332	2.67911421843766	0.0073817209253548	TRUE	TRUE	Male higher
PRDX2	19	FALSE	1721.88316454288	0.652191999562018	0.243460753607449	2.67883833389261	0.00738780536227213	TRUE	TRUE	Male higher
RPL37	5	FALSE	3543.18510492032	0.613707286626305	0.229134084364401	2.67837623690373	0.00739800666070258	TRUE	TRUE	Male higher
RPS15AP38	22	FALSE	640.767553163246	0.69638876239886	0.260442084912655	2.67387186150199	0.00749810953576878	TRUE	TRUE	Male higher
RPS23P1	8	FALSE	838.442022846053	0.626291536975167	0.234521111048442	2.67051240792477	0.00757355723919895	TRUE	TRUE	Male higher
CLEC18A	16	FALSE	100.788373509549	-0.679669394179171	0.254769741720565	-2.66777910747597	0.00763544399090705	TRUE	TRUE	Female higher
BMP1	8	FALSE	11843.7145867587	-0.754931321338445	0.283084434146226	-2.66680619022835	0.00765758170958169	TRUE	TRUE	Female higher
CYP1B1	2	FALSE	314.860566908137	-1.05523206457335	0.396996532600068	-2.65803849132453	0.00785969157882749	TRUE	TRUE	Female higher
H3C2	6	FALSE	7725.19184231851	0.674127071667935	0.25417209735455	2.65224656319211	0.00799581292094567	TRUE	TRUE	Male higher
SPTB	14	FALSE	2333.00476896859	0.773636895318948	0.291892138121057	2.65042046112971	0.00803916539366187	TRUE	TRUE	Male higher
TRIM17	1	FALSE	375.1128257522	-0.612632505730743	0.231149428930809	-2.65037429927687	0.00804026401852384	TRUE	TRUE	Female higher
DNAH2	17	FALSE	175.06186187204	-0.714036797325006	0.269430845487879	-2.6501672294872	0.0080451938114308	TRUE	TRUE	Female higher
TMEM184A	7	FALSE	829.57489091112	-0.749813789473152	0.283122630881626	-2.64837108619074	0.00808806898497589	TRUE	TRUE	Female higher
ABCB10P3	15	FALSE	187.194040578122	0.665970645677924	0.251575565250949	2.64719924215856	0.00811615185369779	TRUE	TRUE	Male higher
PCDH17	13	FALSE	1041.06791291954	-0.675629526220072	0.255320759230732	-2.64619895481945	0.00814019243801853	TRUE	TRUE	Female higher
PIK3C2G	12	FALSE	214.490075495314	1.08772923375487	0.411324580152428	2.644454735362	0.00818226495739753	TRUE	TRUE	Male higher
ZNF117	7	FALSE	2212.09548995069	-0.741825439387129	0.280570043251163	-2.64399374498814	0.00819341702533564	TRUE	TRUE	Female higher
SLC1A1	9	FALSE	442.157151621497	-1.04591571265022	0.395610151129618	-2.64380403198384	0.00819801042499573	TRUE	TRUE	Female higher
GRIP2	3	FALSE	719.752395186364	-0.743006307391193	0.281071619705575	-2.64347680555403	0.0082059387652913	TRUE	TRUE	Female higher
H2BC6	6	FALSE	2498.06681898946	0.629619519593783	0.238208233378439	2.64314759680667	0.00821392205857052	TRUE	TRUE	Male higher
RPS23P7	17	FALSE	271.466767082216	0.62869475799172	0.238228064703147	2.6390457344945	0.0083139763957095	TRUE	TRUE	Male higher
ITIH3	3	FALSE	649.080679426347	1.63266613378201	0.618760168017045	2.63860897674499	0.00832469394459556	TRUE	TRUE	Male higher
RPS15AP1	20	FALSE	3256.95443344017	0.670040226952606	0.253963035043088	2.63833761019168	0.00833135920156325	TRUE	TRUE	Male higher
GRIK2	6	FALSE	249.269534408625	-0.644728515636929	0.24464377831229	-2.63537671010757	0.00840439513537027	TRUE	TRUE	Female higher
VIPR2	7	FALSE	96.0934778304677	-0.609331224459152	0.231391468815508	-2.63333487435088	0.00845509377214026	TRUE	TRUE	Female higher
H4C15	1	FALSE	7024.79735459493	0.626655061635428	0.238060008316612	2.63234075335323	0.00847987658397876	TRUE	TRUE	Male higher
IFIT2	10	FALSE	320.979712218892	0.694574296224355	0.264611132382351	2.6248869046852	0.00866777524392472	TRUE	TRUE	Male higher
OTOGL	12	FALSE	292.325118950013	-0.851854649053189	0.324650059278696	-2.62391650550082	0.00869250913077483	TRUE	TRUE	Female higher
ASAP3	1	FALSE	6600.42544452514	-0.766766642170662	0.292516795713517	-2.62127390087239	0.00876018487748829	TRUE	TRUE	Female higher
TC2N	14	FALSE	504.024161888324	-1.0460405410879	0.399366772566486	-2.61924780162765	0.00881239069083759	TRUE	TRUE	Female higher
RPL21P93	10	FALSE	147.880333859258	0.605606136974958	0.231254169565244	2.6187901308482	0.00882422175500851	TRUE	TRUE	Male higher
SPDYE8	7	FALSE	422.274942563832	-0.677422158193998	0.258735959510698	-2.61819872071547	0.00883953107732402	TRUE	TRUE	Female higher
RPL34P27	13	FALSE	529.166789622157	0.644873811868842	0.24648045039217	2.61632843839257	0.00888810174732613	TRUE	TRUE	Male higher
FAM27C	9	FALSE	117.106473122657	-0.63003831528449	0.241134209343433	-2.61281183204978	0.00898007288941056	TRUE	TRUE	Female higher
RPS15AP11	1	FALSE	1333.37694703882	0.671874103329462	0.258072782956697	2.60342875227644	0.00922964490804708	TRUE	TRUE	Male higher
H2AC12	6	FALSE	2017.32194498544	0.657160235252102	0.252489540922675	2.60272260328342	0.00924867522865633	TRUE	TRUE	Male higher
RPL35AP35	17	FALSE	223.151014023054	0.655009381574816	0.252262518953898	2.59653865461687	0.00941683094075858	TRUE	TRUE	Male higher
RPL17P36	10	FALSE	745.033671600181	0.651833319092348	0.251110556097055	2.59580214079257	0.00943703909940241	TRUE	TRUE	Male higher
MMP17	12	FALSE	94.8794305196229	-0.892357231086949	0.343904762530674	-2.59478009121016	0.00946514574912456	TRUE	TRUE	Female higher
H2AC14	6	FALSE	3690.51092270565	0.742595616530219	0.286299498023506	2.59377198233596	0.00949294214216224	TRUE	TRUE	Male higher
OR2A42	7	FALSE	457.551571406901	-0.693921234132283	0.267927721293898	-2.58995683903533	0.00959879659443097	TRUE	TRUE	Female higher
FPR2	19	FALSE	66.7290980663509	0.783905944463734	0.303120796744692	2.58611732643336	0.00970638844293107	TRUE	TRUE	Male higher
PIK3R6	17	FALSE	396.407376845787	-0.654822298492511	0.253416331438606	-2.58397828890973	0.00976679422912407	TRUE	TRUE	Female higher
H2BC14	6	FALSE	793.686066133345	0.755249931697853	0.292282880111511	2.58396910352639	0.00976705434243507	TRUE	TRUE	Male higher
RPL35AP17	5	FALSE	72.9086977418416	0.64503639546098	0.249862274435377	2.58156777336071	0.00983526778872041	TRUE	TRUE	Male higher
H2BC13	6	FALSE	1252.88108445287	0.714953873952994	0.277147576261109	2.57968654677829	0.00988900310761272	TRUE	TRUE	Male higher
KIRREL3	11	FALSE	91.6247412497244	-0.946245068883116	0.366812170364583	-2.57964469374782	0.00989020156533488	TRUE	TRUE	Female higher
H3C12	6	FALSE	1072.04829858837	0.735294483928447	0.285089686520648	2.57916900783849	0.00990383188409066	TRUE	TRUE	Male higher
SLC2A11	22	FALSE	1379.43505391186	-0.73629634936505	0.285554316714793	-2.57848089230761	0.00992357878264707	TRUE	TRUE	Female higher
FGA	4	FALSE	2321.02578645985	1.80496611327119	0.700877966168343	2.57529299021744	0.0100155206231924	TRUE	TRUE	Male higher
PLEKHH1	14	FALSE	4103.13908078519	-0.765774795719719	0.297600015210241	-2.57316786485623	0.0100772317734719	TRUE	TRUE	Female higher
PBX4	19	FALSE	175.798727735701	-0.837848214634688	0.325822690367448	-2.57148516479869	0.0101263353768155	TRUE	TRUE	Female higher
RPS28P7	11	FALSE	1995.09014568051	0.666970075103376	0.259528461861743	2.56993036647629	0.0101718958773194	TRUE	TRUE	Male higher
H3C1	6	FALSE	1060.79079114406	0.649427401563724	0.252762121695369	2.56932248078855	0.0101897584141617	TRUE	TRUE	Male higher
ITGB3	17	FALSE	129.405161360632	-0.865397263538284	0.336858590891614	-2.56902239378164	0.0101985866713195	TRUE	TRUE	Female higher
SPDYE14	7	FALSE	411.481275342189	-0.635758632064415	0.247598945509821	-2.56769523293143	0.0102377121076656	TRUE	TRUE	Female higher
MAGEA11	X	TRUE	95.2536471980537	-0.703206812652123	0.274033875064001	-2.56613096642846	0.0102839990589397	TRUE	TRUE	Female higher
SLC6A2	16	FALSE	1239.25901357999	-0.882097412027805	0.343794013756221	-2.56577304063615	0.0102946163034073	TRUE	TRUE	Female higher
ANKRD20A1	9	FALSE	84.5964183028464	-0.963996874971613	0.375936578514883	-2.56425399938423	0.0103397846553968	TRUE	TRUE	Female higher
ADGRE2	19	FALSE	427.129765452636	-0.706468551888247	0.275515289521609	-2.564171858175	0.0103422321245864	TRUE	TRUE	Female higher
NPAS2	2	FALSE	1011.02370983981	-0.655094656667295	0.255516209740913	-2.56380860271661	0.0103530618212962	TRUE	TRUE	Female higher
FSTL4	5	FALSE	66.6380984211058	-0.6890092760238	0.268891199353788	-2.56240917396947	0.0103948772303668	TRUE	TRUE	Female higher
SLC28A3	9	FALSE	45.5209782562326	-0.61967865441645	0.241837015892534	-2.56238132996075	0.010395710741475	TRUE	TRUE	Female higher
PNCK	X	TRUE	661.155386100869	-0.993597992306132	0.388063834084151	-2.56039832892717	0.0104552250807064	TRUE	TRUE	Female higher
CPNE5	6	FALSE	98.0100720673389	-0.839947604835647	0.328094529984617	-2.56007805090511	0.0104648657285888	TRUE	TRUE	Female higher
H4C3	6	FALSE	3457.79574177062	0.628322356736768	0.245633782314373	2.55796393646136	0.0105287010560256	TRUE	TRUE	Male higher
KCND3	1	FALSE	168.758198624269	-0.94905130493591	0.371182343990368	-2.55683310454157	0.0105629883277745	TRUE	TRUE	Female higher
SLC51A	3	FALSE	55.4465784027335	0.625936846916422	0.245204498296944	2.55271355649605	0.0106887360768636	TRUE	TRUE	Male higher
CLCF1	11	FALSE	155.704869210683	-0.618832382277456	0.242512865910926	-2.55175072857682	0.0107183172793683	TRUE	TRUE	Female higher
ITGAD	16	FALSE	425.070708854701	-1.20339967553825	0.47220430730451	-2.54847246609762	0.0108195827368898	TRUE	TRUE	Female higher
KALRN	3	FALSE	4342.6026168049	-0.757013623850866	0.297122091783481	-2.54782005372565	0.0108398369109386	TRUE	TRUE	Female higher
RPS15AP12	1	FALSE	1003.48623255042	0.658178235897503	0.258711541538571	2.54406213183719	0.0109571592572714	TRUE	TRUE	Male higher
FCN3	1	FALSE	115.806307371336	0.854176909916152	0.336045515341387	2.54184885951654	0.011026784405283	TRUE	TRUE	Male higher
HBA1	16	FALSE	286406.114276039	1.99599623682609	0.785581558022176	2.54078805242236	0.0110602944240888	TRUE	TRUE	Male higher
SPDYE15	7	FALSE	392.877551842286	-0.625914172285539	0.246581772505069	-2.53836350483965	0.0111372237870396	TRUE	TRUE	Female higher
SRGAP3	3	FALSE	1049.78091949277	-0.718881848042086	0.283338245889855	-2.5371860610782	0.011174754499656	TRUE	TRUE	Female higher
MYO7B	2	FALSE	2371.57309346215	-1.1684126213499	0.460637229609831	-2.53651365162033	0.0111962377294288	TRUE	TRUE	Female higher
RPL35AP20	9	FALSE	68.5218225788807	0.728964362387515	0.287424781358808	2.53619176099332	0.0112065349907175	TRUE	TRUE	Male higher
HBA2	16	FALSE	283978.087497169	1.96657642007897	0.775452508608121	2.53603721472102	0.0112114819042513	TRUE	TRUE	Male higher
H1-5	6	FALSE	7197.76204602303	0.616788079058159	0.243470521863968	2.53331727527479	0.0112988631646687	TRUE	TRUE	Male higher
RELL2	5	FALSE	119.989516602376	-0.889691464064852	0.351676925392474	-2.52985453359486	0.0114109824891418	TRUE	TRUE	Female higher
ALOX5AP	13	FALSE	451.745332306204	0.681476014498057	0.269829132360767	2.52558353701745	0.0115506316735812	TRUE	TRUE	Male higher
RPL34P6	1	FALSE	92.3448575579825	0.633377868332339	0.250857302644136	2.52485321996323	0.0115746621673611	TRUE	TRUE	Male higher
CEP85	1	FALSE	2364.76752041733	-0.721320360503115	0.285715160509928	-2.5246135319377	0.0115825585719027	TRUE	TRUE	Female higher
PRDX2P2	10	FALSE	61.3954093806767	0.63736436824567	0.252692185508237	2.52229552316288	0.0116591712276866	TRUE	TRUE	Male higher
F8	X	TRUE	193.058857416893	-0.689485721763084	0.27338339408718	-2.52204682755241	0.0116674175279184	TRUE	TRUE	Female higher
CYTIP	2	FALSE	132.859877848521	-0.878577896574218	0.348938389564998	-2.5178596647663	0.0118070353738724	TRUE	TRUE	Female higher
TNFRSF10C	8	FALSE	124.704384078063	0.759686188068794	0.301843227933132	2.51682369444144	0.0118418068743176	TRUE	TRUE	Male higher
MLXIPL	7	FALSE	214.053938597324	1.27016359503208	0.505316573126281	2.51359971665656	0.0119505988093657	TRUE	TRUE	Male higher
C9orf116		FALSE	80.7985618015859	-0.839133894506979	0.334044558544018	-2.51204180114313	0.0120034869484059	TRUE	TRUE	Female higher
TIPARP	3	FALSE	586.030015973952	-0.624775313320297	0.248834312228373	-2.51080852847535	0.0120455011386824	TRUE	TRUE	Female higher
AKR1C3	10	FALSE	76.0249706281356	0.781133033172509	0.311406525227016	2.50840290711012	0.0121278292819361	TRUE	TRUE	Male higher
MYRIP	3	FALSE	96.9696822376853	-0.713108116379351	0.28430788943188	-2.50822486074629	0.012133942378036	TRUE	TRUE	Female higher
H3C6	6	FALSE	874.775864184346	0.755185831754249	0.301105941761548	2.50804028421431	0.0121402825655178	TRUE	TRUE	Male higher
CACNA1A	19	FALSE	273.240011359468	-1.03801526793369	0.414141789982542	-2.50642483574877	0.0121958984888984	TRUE	TRUE	Female higher
GCNA	X	TRUE	180.003009562751	-0.702788717613453	0.280815358302489	-2.50267194024488	0.0123259737719341	TRUE	TRUE	Female higher
AKR1C1	10	FALSE	278.320873992814	0.80192336129793	0.320601495613103	2.50130885935005	0.0123735214927148	TRUE	TRUE	Male higher
NAV3	12	FALSE	1230.63217065595	-0.626095643225182	0.250860284652157	-2.49579419912293	0.0125675491552862	TRUE	TRUE	Female higher
SPDYE9	7	FALSE	462.598132546867	-0.612785629279091	0.245835600618559	-2.49266431606012	0.0126788650331653	TRUE	TRUE	Female higher
KATNBL1	15	FALSE	767.921607880657	-0.721206196969201	0.289667752891836	-2.48977039994681	0.0127825642353778	TRUE	TRUE	Female higher
F7	13	FALSE	85.9403976392848	1.01449234366601	0.407505518857301	2.48951804753657	0.0127916423909817	TRUE	TRUE	Male higher
CP	3	FALSE	1054.09208903933	-1.51077165771536	0.60705746428226	-2.48867981468869	0.0128218380441245	TRUE	TRUE	Female higher
ATP2C2	16	FALSE	489.820373706566	-0.926033160587988	0.372333536525709	-2.48710650463807	0.0128786837104391	TRUE	TRUE	Female higher
RPS23P2	4	FALSE	1089.82514514371	0.610092789020737	0.245533347627157	2.48476549078442	0.0129636802311735	TRUE	TRUE	Male higher
PCBP3	21	FALSE	83.2299895510905	-0.914800251501429	0.368352600237263	-2.48349068504522	0.0130101737026084	TRUE	TRUE	Female higher
ZBTB20	3	FALSE	796.088198602892	-0.725985181102445	0.292369258369177	-2.48311051973096	0.0130240672419039	TRUE	TRUE	Female higher
PSD2	5	FALSE	59.0608129875761	-0.812998404667109	0.327453085203189	-2.48279354021854	0.0130356616209956	TRUE	TRUE	Female higher
SLCO3A1	15	FALSE	114.060090896663	-1.05522330800106	0.425497409046046	-2.47997587192562	0.0131391273357123	TRUE	TRUE	Female higher
H3C7	6	FALSE	3974.21906841225	0.627067101938665	0.25307149934046	2.47782584594824	0.0132185648006563	TRUE	TRUE	Male higher
CPT1C	19	FALSE	261.759222482194	-0.628306678604217	0.25387390120833	-2.474876998438	0.0133282069661633	TRUE	TRUE	Female higher
SLC25A39P1	1	FALSE	106.62570477871	0.762498542728207	0.308276721787144	2.47342237943834	0.0133825871623368	TRUE	TRUE	Male higher
ANO7	2	FALSE	250.364822079765	-0.925679940583063	0.374780206700702	-2.46992750426201	0.0135140436201569	TRUE	TRUE	Female higher
FPR1	19	FALSE	501.5502025797	0.692734112780582	0.280565718299028	2.4690618546713	0.0135467800008078	TRUE	TRUE	Male higher
NLGN2	17	FALSE	1529.14595104971	-0.604625554381185	0.244936514852692	-2.468499050641	0.0135681011977453	TRUE	TRUE	Female higher
NR1D1	17	FALSE	354.063764261563	-0.751885281367047	0.304868925264099	-2.46625752597025	0.013653313300394	TRUE	TRUE	Female higher
SCARNA1	1	FALSE	58.5341349077296	0.655949054778444	0.266271254118664	2.46346176927577	0.0137602569267914	TRUE	TRUE	Male higher
FAM178B	2	FALSE	152.913839493135	0.874348750576956	0.35554432681923	2.45918352403216	0.0139253412072419	TRUE	TRUE	Male higher
RBP4	10	FALSE	1233.97200173861	1.53546346868136	0.624733905122996	2.457787957545	0.0139795687356476	TRUE	TRUE	Male higher
SLC6A6	3	FALSE	996.615755573392	-0.712046329176944	0.290153238364587	-2.45403543724105	0.0141263059663602	TRUE	TRUE	Female higher
ATP10A	15	FALSE	330.270902573344	-0.740702664878382	0.301872081025835	-2.45369715000239	0.0141396007816438	TRUE	TRUE	Female higher
STX1B	16	FALSE	212.966682543594	-0.857792315409246	0.349592926172151	-2.45368899422994	0.0141399214428178	TRUE	TRUE	Female higher
STYK1	12	FALSE	111.645754385424	-0.950882386968431	0.387844524181684	-2.45171022840842	0.0142179106447898	TRUE	TRUE	Female higher
H2AC13	6	FALSE	3502.41424091567	0.678207289461857	0.277346982530996	2.44533862698889	0.0144716194765406	TRUE	TRUE	Male higher
UCK2	1	FALSE	1032.49255205075	-0.741725110997772	0.303325073018803	-2.44531420899648	0.0144725993990884	TRUE	TRUE	Female higher
ASMTL-AS1	X	TRUE	292.113698603149	-0.677102970071119	0.277429891733524	-2.440627308904	0.0146617771041799	TRUE	TRUE	Female higher
CFAP157	9	FALSE	95.4564275998181	-0.658052496330124	0.270138795494973	-2.43597923476478	0.0148515370680757	TRUE	TRUE	Female higher
ZNF630	X	TRUE	110.95027829434	-0.648935483081799	0.266476773242621	-2.4352421983546	0.014881824906866	TRUE	TRUE	Female higher
ATP1A2	1	FALSE	337.072269114404	-0.82198506713217	0.337821468187347	-2.4331936970812	0.0149662922272606	TRUE	TRUE	Female higher
SPDYE11	7	FALSE	173.050017994517	-0.819780813258934	0.3376552275756	-2.4278635315231	0.0151880570276304	TRUE	TRUE	Female higher
TLR8	X	TRUE	78.1322618162145	0.790223813785933	0.325486704637646	2.42782209695989	0.0151897922120044	TRUE	TRUE	Male higher
SPDYE13	7	FALSE	390.473908134404	-0.616138033054865	0.253800532296804	-2.42764673296402	0.0151971379864975	TRUE	TRUE	Female higher
DENND6B	22	FALSE	313.3440438526	-0.628740947983771	0.259321362890804	-2.42456287046634	0.0153268292172157	TRUE	TRUE	Female higher
H2AC16	6	FALSE	3463.75112233638	0.694122260909364	0.286308504245283	2.42438576087388	0.015334307023769	TRUE	TRUE	Male higher
STAR	8	FALSE	85.1047424249759	0.633822930758901	0.261649432277578	2.42241278814048	0.0154178260196796	TRUE	TRUE	Male higher
SLC26A7	8	FALSE	175.721652101747	-1.08274336054215	0.447473121320649	-2.41968357193522	0.015534017875433	TRUE	TRUE	Female higher
OSR2	8	FALSE	477.593807826423	-0.893620004793204	0.369902187993702	-2.41582784259827	0.0156994822280293	TRUE	TRUE	Female higher
OR2A1	7	FALSE	492.654883321548	-0.642311386613431	0.265891368526053	-2.41569100258512	0.0157053829476517	TRUE	TRUE	Female higher
MOV10L1	22	FALSE	101.162786744953	-0.662551831801327	0.274397023050127	-2.41457368755889	0.0157536360713136	TRUE	TRUE	Female higher
GLB1L3	11	FALSE	247.877477941262	-0.697580853291637	0.288906729797015	-2.41455383812539	0.0157544944800012	TRUE	TRUE	Female higher
H4C9	6	FALSE	991.055968755995	0.666566299028619	0.276277945195586	2.41266561670978	0.0158363408555431	TRUE	TRUE	Male higher
DTNA	18	FALSE	286.497061254901	-0.604316960979697	0.250676915189948	-2.41074037679848	0.0159201766105409	TRUE	TRUE	Female higher
POU5F1	6	FALSE	82.1547488479863	-0.930731069060118	0.386186450425883	-2.41005625141358	0.0159500611101101	TRUE	TRUE	Female higher
MOCOS	18	FALSE	345.904834027718	-0.760326136290384	0.315635498312647	-2.408873971258	0.016001822683835	TRUE	TRUE	Female higher
CYP26B1	2	FALSE	570.246393089167	-0.696895462504468	0.289413605897099	-2.40795680750493	0.0160420788223849	TRUE	TRUE	Female higher
ANKRD33	12	FALSE	333.378479014475	-1.3060599951629	0.542664145821184	-2.40675564291522	0.0160949349576944	TRUE	TRUE	Female higher
SLC38A5	X	TRUE	262.492995925548	1.13653500610598	0.473657144963901	2.39948878252982	0.0164179828505721	TRUE	TRUE	Male higher
HOMER2	15	FALSE	110.485841704827	-0.908139192702052	0.378615399317862	-2.3985796519059	0.0164587964362368	TRUE	TRUE	Female higher
ZNF554	19	FALSE	727.466188941147	-0.770148870238449	0.321174098795941	-2.39791712073197	0.0164885955509292	TRUE	TRUE	Female higher
H3C10	6	FALSE	2893.36821280861	0.615717937204405	0.25681101467796	2.39755268276368	0.016505007319907	TRUE	TRUE	Male higher
CACNA1H	16	FALSE	557.399811983599	-0.734845552389202	0.306656888753047	-2.39631190213039	0.0165609911414488	TRUE	TRUE	Female higher
FKBP6	7	FALSE	108.049823301136	-0.653426054061415	0.272756161709666	-2.39564177016448	0.0165912966923386	TRUE	TRUE	Female higher
KEL	7	FALSE	365.662316935874	0.803786640127092	0.335543325054229	2.3954779609971	0.0165987120799979	TRUE	TRUE	Male higher
MUC12	7	FALSE	280.51287890561	-0.813210038301945	0.339736828697085	-2.39364699264623	0.0166817954731601	TRUE	TRUE	Female higher
RPL35AP7	1	FALSE	70.5796312394326	0.600392915502182	0.250847245991462	2.39346026355265	0.0166902891164711	TRUE	TRUE	Male higher
STX1A	7	FALSE	418.088341393491	-0.645301730061037	0.269841267995356	-2.39141231011463	0.0167836927297103	TRUE	TRUE	Female higher
COL27A1	9	FALSE	7334.63250079967	-0.676011149962608	0.283915032626024	-2.38103331024764	0.01726415075419	TRUE	TRUE	Female higher
FYB2	1	FALSE	74.1344935191244	-0.850921433478088	0.357681728377	-2.37899049900924	0.0173601234105718	TRUE	TRUE	Female higher
HYDIN2	1	FALSE	280.36425117973	-0.908348099391249	0.382557916500029	-2.3744067504905	0.0175771754063733	TRUE	TRUE	Female higher
NOS3	7	FALSE	2243.66553974581	-0.821841759699085	0.346142116272163	-2.37428998398129	0.017582735527306	TRUE	TRUE	Female higher
SHISA6	17	FALSE	81.6421083474854	-0.723204119230201	0.304672268840957	-2.37371166723323	0.0176102962171804	TRUE	TRUE	Female higher
GVINP1	11	FALSE	194.498576516792	-0.611870307422146	0.258157811657102	-2.37014058762964	0.0177813225550835	TRUE	TRUE	Female higher
MUC1	1	FALSE	668.602416774816	-1.16596839442391	0.492467753049248	-2.36760353790577	0.0179037097341179	TRUE	TRUE	Female higher
PPBP	4	FALSE	221.005497862409	0.745065331732098	0.31479404618821	2.36683425482144	0.0179409654407421	TRUE	TRUE	Male higher
TMEM255B	13	FALSE	154.673764291678	-0.601136464255671	0.254044833619793	-2.36626132360299	0.0179687561054622	TRUE	TRUE	Female higher
VIL1	2	FALSE	98.164229743304	0.910999636646316	0.385375495552986	2.36392725318225	0.0180823628843359	TRUE	TRUE	Male higher
SLC6A6P1	21	FALSE	158.409830838764	-0.656032690914782	0.277604807036985	-2.36318923262514	0.0181184154001111	TRUE	TRUE	Female higher
HLA-DRA	6	FALSE	1740.87352086349	0.98965600771123	0.418949447842098	2.36223251470719	0.0181652450280047	TRUE	TRUE	Male higher
AKR1C2	10	FALSE	199.679434537441	0.799078349906947	0.3396618613865	2.35257013149816	0.01864417360718	TRUE	TRUE	Male higher
CFAP58	10	FALSE	100.526285978245	-0.688022160296868	0.292559173906371	-2.35173674819392	0.0186859942289525	TRUE	TRUE	Female higher
KLF9	9	FALSE	129.013701862153	-0.955437025710491	0.40670082448912	-2.34923798571264	0.0188118787861463	TRUE	TRUE	Female higher
EPHB6	7	FALSE	502.821344275676	-0.924652003668469	0.393635722407316	-2.34900429771382	0.0188236895401859	TRUE	TRUE	Female higher
RN7SL4P	3	FALSE	1520.9973197385	0.691745060150105	0.295550876968075	2.34052785512399	0.0192565018940794	TRUE	TRUE	Male higher
OGDHL	10	FALSE	90.0103070676391	-0.676819056115052	0.289489115201236	-2.33797756314453	0.0193884120922326	TRUE	TRUE	Female higher
RASD1	17	FALSE	178.30332035632	-1.09727808013152	0.470465841012218	-2.33232252902931	0.0196837302077948	TRUE	TRUE	Female higher
WDR86-AS1	7	FALSE	98.843591057245	-0.676972400037978	0.290761188701399	-2.32827635304932	0.0198974341134704	TRUE	TRUE	Female higher
MGAT5B	17	FALSE	272.099396408885	-0.838486096628924	0.360980863790872	-2.32279929695854	0.0201899368713505	TRUE	TRUE	Female higher
GDPD5	11	FALSE	2709.59120825192	-0.656089644550603	0.282979953222952	-2.31850220158064	0.0204220434486898	TRUE	TRUE	Female higher
CLDN1	3	FALSE	234.432502258825	0.650977228621591	0.281189865282447	2.31508069456096	0.020608516336127	TRUE	TRUE	Male higher
NPHP1	2	FALSE	156.892776611013	-0.620324495873538	0.268716096673148	-2.30847538928071	0.0209727101285916	TRUE	TRUE	Female higher
PLCH2	1	FALSE	463.231399204086	-0.699945664272028	0.303427069859634	-2.30680032798597	0.0210659539639121	TRUE	TRUE	Female higher
SLC25A29	14	FALSE	945.056244847891	-0.607849727649464	0.263791208038577	-2.30428349818456	0.0212067346699148	TRUE	TRUE	Female higher
APOA1	11	FALSE	3579.43511957205	1.6419741948959	0.713204489174358	2.30224882178844	0.021321144151238	TRUE	TRUE	Male higher
XAF1	17	FALSE	985.431826838357	-0.602445754501999	0.261746711988452	-2.30163637940399	0.0213556867641292	TRUE	TRUE	Female higher
LDB3	10	FALSE	104.165748395075	-0.620635784252439	0.270189205441181	-2.29704137602029	0.0216164095064429	TRUE	TRUE	Female higher
COL4A6	X	TRUE	940.671108776405	-0.726158658945646	0.317240066485269	-2.28898785386985	0.0220800581125662	TRUE	TRUE	Female higher
PIP5KL1	9	FALSE	98.3186515135062	-0.617609192428439	0.269857066196383	-2.28865303078254	0.0220995200659916	TRUE	TRUE	Female higher
CNTN2	1	FALSE	68.943373589785	-0.758634157535169	0.331687519458297	-2.28719536621139	0.022184422374035	TRUE	TRUE	Female higher
IRX3	16	FALSE	255.057991437292	-1.25855669779764	0.550333766790817	-2.28689710452752	0.0222018296740034	TRUE	TRUE	Female higher
RASAL3	19	FALSE	396.766910109487	-0.717464952808769	0.313951799268809	-2.2852710335782	0.0222969403145236	TRUE	TRUE	Female higher
CTNNA2	2	FALSE	90.2253578812307	-0.784268620730158	0.343364163992734	-2.2840724308864	0.0223672745148561	TRUE	TRUE	Female higher
SEPTIN5	22	FALSE	91.9187461932669	-0.667510592157622	0.292286462628018	-2.28375473210724	0.022385949440319	TRUE	TRUE	Female higher
PSG7	19	FALSE	1019.66949432796	-1.08589625522947	0.475549718853733	-2.28345473076278	0.0224035965203899	TRUE	TRUE	Female higher
SCUBE1	22	FALSE	1814.69277295176	-0.860768594245942	0.380441584905755	-2.26255127829723	0.0236633644334116	TRUE	TRUE	Female higher
KRT5	12	FALSE	195.69192675771	-0.71943261023367	0.318708672014798	-2.25733616122082	0.0239870774301773	TRUE	TRUE	Female higher
SPTBN5	15	FALSE	1042.28183552239	-0.70587756512257	0.313176996614843	-2.25392532897518	0.024200865928476	TRUE	TRUE	Female higher
TBX1	22	FALSE	180.864103727543	-0.607201006892822	0.269550463763146	-2.2526431541456	0.0242816578509157	TRUE	TRUE	Female higher
BAIAP2L2	22	FALSE	131.033579960256	-0.676433834186569	0.300319273553651	-2.25238236022081	0.024298119482813	TRUE	TRUE	Female higher
ECMXP	X	TRUE	79.9915198809426	-0.822552974338156	0.365650774624945	-2.24955895466614	0.0244769564560221	TRUE	TRUE	Female higher
SIDT1	3	FALSE	68.7285466256751	-0.726143134477954	0.323663407226772	-2.24351322474088	0.0248637380255237	TRUE	TRUE	Female higher
PNPLA7	9	FALSE	918.532566007462	-0.747721138388974	0.333527784101878	-2.24185562352005	0.0249707048980683	TRUE	TRUE	Female higher
WDR97	8	FALSE	113.529348322636	-0.626614812910884	0.280143586077596	-2.23676301743821	0.0253018328452109	TRUE	TRUE	Female higher
RGS22	8	FALSE	131.691396701144	-0.654232321086963	0.292502475708828	-2.23667276491096	0.0253077352908847	TRUE	TRUE	Female higher
GABRR2	6	FALSE	122.506012798484	-0.724095441504325	0.32499661039407	-2.22800921100787	0.0258799007766104	TRUE	TRUE	Female higher
SALL1	16	FALSE	354.488916520086	-0.746364897372942	0.335241114792856	-2.22635250999603	0.0259905788081122	TRUE	TRUE	Female higher
PLPP2	19	FALSE	125.782779246805	-0.8811184568088	0.396350850077542	-2.22307699513302	0.0262106085865071	TRUE	TRUE	Female higher
FHOD3	18	FALSE	939.0344404653	-0.670725624329528	0.302355073242126	-2.21833758943549	0.0265318230191258	TRUE	TRUE	Female higher
SLC44A4	6	FALSE	267.182152264262	-0.746506772883218	0.337133739665368	-2.21427488575954	0.0268098751533696	TRUE	TRUE	Female higher
NDUFC2	11	FALSE	209.941934025965	0.601969429050963	0.272670435429178	2.20768132820661	0.0272664953287406	TRUE	TRUE	Male higher
PKHD1L1	8	FALSE	160.17968964357	-0.884594867532431	0.400869389505329	-2.20669098387387	0.0273356555690412	TRUE	TRUE	Female higher
FAM107A	3	FALSE	56.412901617225	-0.688772429812507	0.312985857645745	-2.20065032648247	0.0277607878869113	TRUE	TRUE	Female higher
LHB	19	FALSE	206.020267034603	-0.706189329064332	0.321004782268775	-2.19993398251944	0.0278115792536379	TRUE	TRUE	Female higher
SLC15A1	13	FALSE	375.128668375339	-1.38796178791968	0.632173959043287	-2.19553774410477	0.0281250464813177	TRUE	TRUE	Female higher
KCNS2	8	FALSE	70.5608864281892	-0.665120563343049	0.303002956750909	-2.19509595046568	0.0281567156478072	TRUE	TRUE	Female higher
TLE6	19	FALSE	839.063507239493	-0.728585591128328	0.332039319923717	-2.19427503735315	0.0282156429087854	TRUE	TRUE	Female higher
KCNC3	19	FALSE	746.175010214081	-0.638225322598574	0.291254442434072	-2.19129815588321	0.0284302234323905	TRUE	TRUE	Female higher
DTX1	12	FALSE	183.264639301983	-0.833317799916586	0.380553780598163	-2.18975041742263	0.028542342430237	TRUE	TRUE	Female higher
KIF12	9	FALSE	896.531418642064	-0.971440419350031	0.444446992390474	-2.185728413022	0.0288354808703695	TRUE	TRUE	Female higher
DSCAML1	11	FALSE	349.636204714725	-0.785386133368492	0.359560968226736	-2.1842919637296	0.0289408009181799	TRUE	TRUE	Female higher
ZMAT1	X	TRUE	150.736780192584	-0.64476895878802	0.295523469188518	-2.18178596968457	0.0291253325374196	TRUE	TRUE	Female higher
TOGARAM2	2	FALSE	141.991800362349	-0.614375504432119	0.282011777576051	-2.17854555477364	0.0293654445595952	TRUE	TRUE	Female higher
ZNF516	18	FALSE	1889.52745970373	-0.60737883943727	0.280314853220211	-2.16677365633609	0.0302521170934988	TRUE	TRUE	Female higher
NXPH3	17	FALSE	93.8963684293918	-0.699158013494103	0.322935058382795	-2.16501118520662	0.0303868287060293	TRUE	TRUE	Female higher
LPAR2	19	FALSE	200.826816737676	-0.600042984700984	0.277636238450771	-2.16125599471188	0.0306755701525439	TRUE	TRUE	Female higher
ANOS1	X	TRUE	244.66548626705	0.803756226425049	0.372077894216953	2.16018269001595	0.0307585296456594	TRUE	TRUE	Male higher
KCNA7	19	FALSE	1422.03356548878	-1.09705642762366	0.508238866610298	-2.15854492778265	0.0308854892708831	TRUE	TRUE	Female higher
PCDH7	4	FALSE	319.867082258051	-0.942332584439477	0.437748730238621	-2.15267919549602	0.0313438996492067	TRUE	TRUE	Female higher
IGHG1	14	FALSE	243.963746118381	-1.16560896073054	0.542406724196772	-2.1489574312646	0.0316377745361396	TRUE	TRUE	Female higher
HBB	11	FALSE	9819.89813819141	0.997579416278103	0.465279582651885	2.14404296572041	0.032029444287432	TRUE	TRUE	Male higher
RIMS2	8	FALSE	194.859260312075	-0.807533911279854	0.37670351611472	-2.14368562207402	0.0320580850086765	TRUE	TRUE	Female higher
LGALS9C	17	FALSE	64.7498025325887	-0.615408559168296	0.287627549720168	-2.13960227303339	0.0323869227738156	TRUE	TRUE	Female higher
DNAH7	2	FALSE	176.871915497827	-0.851036714255437	0.397776021379319	-2.13948722023113	0.0323962298404147	TRUE	TRUE	Female higher
CBARP	19	FALSE	77.7447035070337	-0.686310759159704	0.321253208285626	-2.13635456847953	0.0326505241669317	TRUE	TRUE	Female higher
SELL	1	FALSE	123.507371816428	-0.745209730632423	0.348995548268966	-2.13529867165555	0.0327366213670758	TRUE	TRUE	Female higher
CCDC74A	2	FALSE	106.532405242973	-0.765528857356779	0.360544830967635	-2.12325567198465	0.033732433078498	TRUE	TRUE	Female higher
SLC4A8	12	FALSE	334.747137194388	-0.605890204083781	0.285690631651525	-2.12079129294944	0.0339393697570506	TRUE	TRUE	Female higher
PTGER3	1	FALSE	63.8403403931607	-0.781141715203516	0.368367117480759	-2.12055223752244	0.0339595011357063	TRUE	TRUE	Female higher
PLCD4	2	FALSE	202.735118820706	-0.927478597518249	0.437589980706485	-2.1195151589642	0.0340469540322997	TRUE	TRUE	Female higher
AMN	14	FALSE	127.542833335513	0.88073139809144	0.416827311978904	2.11294071376977	0.0346058425630492	TRUE	TRUE	Male higher
ABCC6	16	FALSE	540.271030482982	0.851671833675534	0.404941897734295	2.10319514587341	0.0354487144415524	TRUE	TRUE	Male higher
DRC3	17	FALSE	128.469567737067	-0.617625844261447	0.293683004162817	-2.10303570689109	0.0354626483133474	TRUE	TRUE	Female higher
B4GALNT1	12	FALSE	110.289718501659	-0.743824999836766	0.353998199933865	-2.10121124902819	0.0356224263727751	TRUE	TRUE	Female higher
NNMT	11	FALSE	817.033925743992	-0.833118451636833	0.396837995995778	-2.0993918426241	0.0357823731954054	TRUE	TRUE	Female higher
GRIK3	1	FALSE	128.970322452909	-0.804696605235099	0.383598108108598	-2.09775957760273	0.0359263889834248	TRUE	TRUE	Female higher
IGFBP5	2	FALSE	2061.31573434781	-0.677960908686555	0.323247400382779	-2.09734373078866	0.0359631583165173	TRUE	TRUE	Female higher
DOCK3	3	FALSE	354.150475780735	-0.73028667589063	0.348678843319436	-2.09443930964744	0.0362208641087644	TRUE	TRUE	Female higher
RPL23AP32	2	FALSE	137.906848127421	-0.609061735274818	0.290941055390181	-2.0934196944395	0.0363117058606265	TRUE	TRUE	Female higher
SGSM1	22	FALSE	449.82140011842	-0.777801911947097	0.371901506077126	-2.09141909682343	0.0364905117803138	TRUE	TRUE	Female higher
VWA7	6	FALSE	88.9850331582415	-0.655599130289004	0.317095994043924	-2.067509973646	0.03868612538269	TRUE	TRUE	Female higher
CACNA1E	1	FALSE	281.271581991004	-0.780368682539428	0.377590971195239	-2.06670376696038	0.0387620760088038	TRUE	TRUE	Female higher
SNCAIP	5	FALSE	294.67179508704	-0.660918691913966	0.319930468143057	-2.06581978812482	0.0388454989218009	TRUE	TRUE	Female higher
ZEB1	10	FALSE	1620.19477473444	-0.625337887774608	0.302990777019335	-2.06388423412209	0.0390286939134465	TRUE	TRUE	Female higher
DISP2	15	FALSE	101.360538514643	-0.770615925785735	0.373804851295822	-2.06154607976418	0.0392509720890268	TRUE	TRUE	Female higher
ACHE	7	FALSE	246.780581869588	0.655530873796122	0.318263784074956	2.05970929335062	0.0394263404500268	TRUE	TRUE	Male higher
CLDN3	7	FALSE	226.805673418587	-0.626843089534131	0.304587217846615	-2.05800852040285	0.0395893155030874	TRUE	TRUE	Female higher
FAM227A	22	FALSE	128.00850009085	-0.6135885526314	0.29882295084799	-2.05335149422151	0.0400385000320997	TRUE	TRUE	Female higher
ODC1	2	FALSE	794.814991829745	0.610215559642849	0.297299964568143	2.05252483137442	0.0401186843628633	TRUE	TRUE	Male higher
MYT1L	2	FALSE	280.777911160508	-0.808130314685876	0.39381409400151	-2.05206041885026	0.0401637909992795	TRUE	TRUE	Female higher
RP1	8	FALSE	170.024063506501	-0.671602590325901	0.32758427418944	-2.05016737139682	0.0403481008365383	TRUE	TRUE	Female higher
ADGRB1	8	FALSE	684.45713042527	-0.611864128940622	0.298637708213327	-2.0488508721864	0.0404766995024111	TRUE	TRUE	Female higher
KIF17	1	FALSE	240.475929028772	-0.635100327483607	0.310003536674988	-2.04868736110406	0.0404926958748534	TRUE	TRUE	Female higher
ATP2B3	X	TRUE	227.91075654367	-0.619339437112022	0.302384645221568	-2.04818414856419	0.0405419590469482	TRUE	TRUE	Female higher
AR	X	TRUE	184.781763699662	-0.771554565983444	0.377862383467879	-2.04189302703912	0.0411621436117631	TRUE	TRUE	Female higher
POU5F1P3	12	FALSE	71.547318512541	-0.68121713627329	0.334464248938389	-2.03674126139197	0.041675977332303	TRUE	TRUE	Female higher
ATOH8	2	FALSE	150.265640525932	-0.804937570122764	0.39555852688814	-2.03493924516104	0.0418569865125731	TRUE	TRUE	Female higher
HPN	19	FALSE	216.777995189658	0.786545245722432	0.386956469095048	2.03264529356979	0.0420883719852583	TRUE	TRUE	Male higher
PHACTR3	20	FALSE	71.3818118309126	-0.711122139715891	0.349865425168891	-2.03255906002318	0.0420970912256009	TRUE	TRUE	Female higher
RELN	7	FALSE	578.971897716647	0.868636235374846	0.429418755286559	2.02281857669489	0.0430918556941772	TRUE	TRUE	Male higher
MISP	19	FALSE	103.465052418509	0.679370844266185	0.336520789955948	2.01880794454072	0.0435071850148161	TRUE	TRUE	Male higher
TCHH	1	FALSE	1792.00958813813	-0.808968319539705	0.401101606646942	-2.01686631550138	0.0437094661319486	TRUE	TRUE	Female higher
GPRIN3	4	FALSE	212.331508289386	-0.786406699720753	0.390864842848528	-2.0119658089216	0.0442235413193068	TRUE	TRUE	Female higher
ABO	9	FALSE	64.6822227336229	-0.658722661908857	0.327543466567198	-2.01109998869025	0.0443148963857332	TRUE	TRUE	Female higher
C1R	12	FALSE	2477.99749335394	-0.775799336237491	0.386172533966673	-2.00894488344022	0.0445429792448735	TRUE	TRUE	Female higher
MFSD2A	1	FALSE	1094.19241256852	-0.729916112619075	0.36372983893042	-2.0067534595607	0.0447759206381747	TRUE	TRUE	Female higher
KCNT1	9	FALSE	89.5519902573142	-0.602922068950755	0.300475018200117	-2.00656304994117	0.0447962090042101	TRUE	TRUE	Female higher
CYTL1	4	FALSE	116.912137817025	0.634451529227127	0.317019885204586	2.00129884224041	0.0453601944468337	TRUE	TRUE	Male higher
FAM183A		FALSE	86.8065699608914	-0.612775944875898	0.306257502933626	-2.00085202486844	0.0454083389597805	TRUE	TRUE	Female higher
AFDN-DT	6	FALSE	255.055495436219	-0.674354892665424	0.33758213671725	-1.99760241825309	0.0457597808755455	TRUE	TRUE	Female higher
ADD2	2	FALSE	374.507023668587	0.669065179429318	0.335951892948682	1.99155055670879	0.0464203928947543	TRUE	TRUE	Male higher
ABCC6P1	16	FALSE	105.510910283464	0.887869710516302	0.446624295251205	1.98795658891982	0.0468164913103156	TRUE	TRUE	Male higher
SPOCK2	10	FALSE	118.084152216313	-0.722841055771914	0.363917699423016	-1.98627617430524	0.0470026666793129	TRUE	TRUE	Female higher
EPS8L1	19	FALSE	5622.9398872661	-0.650410949919954	0.328208730615163	-1.98169911172346	0.0475129266999598	TRUE	TRUE	Female higher
OFCC1	6	FALSE	148.346489512273	-0.811509966253454	0.410389934921901	-1.97741196164542	0.0479950829804042	TRUE	TRUE	Female higher
SNED1	2	FALSE	1328.08411223866	-0.775969726530873	0.392622910794912	-1.97637403522843	0.0481124300541956	TRUE	TRUE	Female higher
NEFL	8	FALSE	129.974915827586	-0.833658654926698	0.423489994397329	-1.9685439230107	0.0490054875288808	TRUE	TRUE	Female higher
MAST1	19	FALSE	180.035348378048	-0.703436829476336	0.35783308741775	-1.96582388328755	0.0493189579612225	TRUE	TRUE	Female higher
